{
  "test/integration/opaTests.qunit-dbg.js": 1597313608230,
  "test/unit/controller/View1.controller.js": 1597313608234,
  "manifest.json": 1597313740692,
  "test/integration/pages/View1.js": 1597313608234,
  "test/integration/arrangements/Startup.js": 1597313608230,
  "test/unit/unitTests.qunit.js": 1597313608230,
  "test/unit/AllTests.js": 1597313608230,
  "test/integration/opaTests.qunit.js": 1597313608230,
  "test/integration/NavigationJourney.js": 1597313608230,
  "test/integration/AllJourneys.js": 1597313608230,
  "test/initMockServer.js": 1597313608230,
  "model/models.js": 1597313608230,
  "localService/mockserver.js": 1597313608230,
  "controller/View1.controller.js": 1597313608226,
  "Component.js": 1597313608226,
  "manifest-bundle.zip": 1597313740493,
  "Component-preload.js": 1597313740648,
  "Component-dbg.js": 1597313608226,
  "test/integration/pages/View1-dbg.js": 1597313608234,
  "test/integration/arrangements/Startup-dbg.js": 1597313608230,
  "test/unit/unitTests.qunit-dbg.js": 1597313608230,
  "test/unit/AllTests-dbg.js": 1597313608230,
  "i18n/i18n.properties": 1597313608230,
  "test/integration/NavigationJourney-dbg.js": 1597313608230,
  "test/integration/AllJourneys-dbg.js": 1597313608230,
  "test/initMockServer-dbg.js": 1597313608230,
  "model/models-dbg.js": 1597313608230,
  "localService/mockserver-dbg.js": 1597313608230,
  "controller/View1-dbg.controller.js": 1597313608226,
  "test/unit/controller/View1-dbg.controller.js": 1597313608234,
  "resources.json": 1597313740695,
  "test/unit/unitTests.qunit.html": 1597313608230,
  "test/integration/opaTests.qunit.html": 1597313608230,
  "view/View1.view.xml": 1597313641850,
  "test/mockServer.html": 1597313608230,
  "css/style.css": 1597313608230,
  "index.html": 1597313608226
}